{"cameraMode":{"drawMode":0,"name":"Shaded","section":"Shading Mode"},"sceneLighting":false,"audioPlay":false,"sceneViewState":{"m_AlwaysRefresh":false,"showFog":true,"showSkybox":false,"showFlares":true,"showImageEffects":true,"showParticleSystems":true,"showVisualEffectGraphs":true,"m_FxEnabled":true},"in2DMode":false,"pivot":{"x":0.17544293403625489,"y":1.353306770324707,"z":-1.1501760482788087},"rotation":{"x":0.27191925048828127,"y":-0.01587781310081482,"z":0.00451373215764761,"w":0.962236762046814},"size":3.0503199100494386,"orthographic":false}